{"loss": [112.52920034179688, 79.3091036743164, 56.24158435058594, 40.43275020751953, 29.56708141479492, 21.884448406982422, 16.443899057006835, 12.534223959350586, 9.85036076965332, 7.841612656402588, 6.399670505523682, 5.308768412780761, 4.602157328033448, 4.067728331756592, 3.6519582984924317, 3.3439337551116943, 3.172261410140991, 2.893797077560425, 2.8780377460479736, 2.726509103775024], "accuracy": [0.0996, 0.117, 0.1272, 0.122, 0.1236, 0.1186, 0.1174, 0.1208, 0.1204, 0.1212, 0.1208, 0.1154, 0.1228, 0.118, 0.1136, 0.1098, 0.107, 0.106, 0.1026, 0.1012], "val_loss": [93.77939162597656, 66.07412158203125, 47.28977646484375, 34.76223158569336, 25.206744833374024, 18.842063275146483, 14.247677919006348, 10.914964733886718, 8.650926266479493, 6.96613009109497, 5.763102185058594, 4.896689555358886, 4.3161928092956545, 3.765377633666992, 3.392704325866699, 3.178690452194214, 3.0714409744262694, 2.832333462142944, 2.788853734970093, 2.633656602859497], "val_accuracy": [0.0926, 0.0972, 0.1012, 0.099, 0.0998, 0.0978, 0.1008, 0.0966, 0.0926, 0.1016, 0.096, 0.1028, 0.1042, 0.1002, 0.1022, 0.1086, 0.0974, 0.099, 0.0962, 0.104]}